Monat,Monatsumsatz,Monatsname
5,9859.56999999879,Mai
6,170086.61000000415,Jun
7,161318.56000000343,Jul
8,147002.90000000183,Aug
9,162807.6000000048,Sep
10,245144.5100000187,Okt
11,221569.20000001602,Nov
12,201621.86000001483,Dez
